text,label,notes
"All of the rumours around Spurs' transfers this season (and Senesi's signing) is just further evidence that the big 6 doesn't depend on position - it's reputation & finance based. They're making some great moves, and attracting players that no club that finished 17th would usually be able to attract.",analysis,prelabeled:reviewed - claim (big6 is finance/reputation based) + specific support (signings a 17th-place club couldn't normally attract)
Do you think a promoted side from the Bundesliga would have been able to sign the players you guys signed last season? Of course it's about money,hot_take,"prelabeled:reviewed - rhetorical claim, reasoning is just an assertion - no specific play detail"
Big 6 became a financial bracket after the 2010s where those teams consistently occupied the European places and challenged for honors. Their success coincided with the 2nd explosion in popularity for the Prem with the advent of streaming services and big TV deals in North America. Spurs rise as a global footballing power is probably the perfect example of that.,analysis,prelabeled:reviewed - claim + specific causal reasoning (TV deals/streaming timing) + named example
"I mean yeah it's just about revenue. Revenue barely changes season to season even. It's why when some like Chelsea, United and Spurs finish in the bottom half they can still spend £200m to get themselves out of it.",analysis,prelabeled:reviewed - claim + specific checkable mechanism (revenue stability enabling spend despite low finish)
"As with any area of life you need money to make money, and the clubs with the money are the ones that make the money, and the rules then allow them to spend the money and subsequently make more money. Year on year performance is irrelevant to this. In previous centuries clubs could catch up with external investment but that option is no longer available.",analysis,prelabeled:reviewed - extended argument with reasoning about FFP-style rules and historical change
and attracting players that no club that finished 17th would usually be able to attract. Promoted clubs from the Championship also attract talent and spend money that no other newly promoted clubs from the other 4 big leagues is able to spend. It's a premier league thing not just a top 6 thing.,analysis,prelabeled:reviewed - counter-claim + specific evidence (promoted PL clubs outspend other leagues' promoted clubs)
Anyone that didn't think this would be the case were always deluding themselves. Spurs finishing 17th twice was never going to drastically change how they're viewed within the country and the footballing world,hot_take,prelabeled:reviewed - judgment with minimal support
It's the injuries that needs to stop that's the number one thing for Spurs. If they have the same injury crisis for a fourth consecutive year I think they go down,hot_take,prelabeled:reviewed - claim + cause named but no specific/checkable detail
"I think their attack is really poor as well though tbh. Kudus is great, but I'm not convinced by the others. Simons & Tel have shown flashes but neither have had a consistent run. Solanke hasn't panned out. Maddison is a good player, but his injury record is awful.",analysis,prelabeled:reviewed - claim + player-by-player specific reasoning
Better wages + living in London + stepping stone to a bigger move just like modric and bale,hot_take,prelabeled:reviewed - compressed claim with comparison but no developed reasoning
Spurs isn't a stepping stone. They don't sell players anymore. I'd argue it's a massive component of their regression since Poch left.,analysis,prelabeled:reviewed - claim + specific reasoning (no longer sells players) tied to regression
So matchday 1 is over and I have to say I've been entertained by nearly every match so far. I feared the atmospheres would be dead but they seem to be very loud and passionate so far. It's been really nice to see people come together over football.,reaction,"prelabeled:reviewed - emotional/experiential, no substantive claim about play"
Why didn't Colombia play in their home kit last night? Yellow shirt and blue shorts shouldn't clash with the all white kit of Uzbekistan. The kind of thing that annoy me. Their shirts are one of my favorites.,reaction,"prelabeled:reviewed - expresses annoyance/preference, no claim about the game"
Wow some of those comments in the all Asians look alike post is sad… Even sadder they're upvoted. Thought this sub would be better than that,reaction,prelabeled:reviewed - emotional response to sub behavior
"world cups are the worst moments to expect anything good from this sub, especially outside of this thread.",hot_take,"prelabeled:reviewed - judgment about the sub, debatable, no support"
Brazil looked incredibly toothless and uninspired. Ancelotti will really need to work some magic because they have no midfield and no fullback presence. It's hard to pick one but I think Raphinha was the most disappointing.,analysis,"prelabeled:reviewed - claim + specific observations (no midfield/fullback presence, named player)"
"South Africa were the biggest stand out for me. They exclusively have players from the same league, half of their starting 11 plays at the same club yet they looked like complete strangers on the pitch. No patterns, no organisation, nothing.",analysis,"prelabeled:reviewed - claim + specific checkable observation (same-club players, no patterns)"
Biggest surprise has been how well some of the smallest teams have done to grind out results. Expected a few routs that never materialised,hot_take,prelabeled:reviewed - observation/claim with minimal support
Might be a side-effect of the expansion/some third-placed teams making it through I think; it's worth for those supposed smaller teams to try and lay a glove on the favourites instead of playing spoilsports because winning a game puts you in quite a good position to advance.,analysis,prelabeled:reviewed - claim + reasoning about incentive structure of expanded format
"Biggest disappointment is definitely Portugal, they looked slow and toothless yesterday. Spain was also disappointing but I'm not counting them out, they have been the best team of the last 2 years, but the match showed they really need Nico and Yamal to be a truly great team.",analysis,prelabeled:reviewed - claim + specific reasoning (dependence on named players)
I have been watching Portugal since 2010 World Cup and can say they perform well in friendlies. That's it. They did well in Euro 2012 thanks to Ronaldo. Their 2016 EURO win was one of a kind. They always look out of ideas during WC.,analysis,prelabeled:reviewed - claim + historical evidence across tournaments
I feel like a lot of team performances have been crap but rescued by some excellent individual moments which I guess can sum up tournament football. 9 draws in 24 games is surprising. Morocco i knew were strong but was so impressed with them versus Brazil. Still got France and Argentina as my top 2,analysis,prelabeled:reviewed - specific stat (9 draws/24) anchors the claim
"I was strong on France winning again before the tournament, having watched them they're still my pick. Midfield has its problems but once they got into gear going forwards they put a pace on Senegal that I don't see a lot of teams handling.",analysis,prelabeled:reviewed - pick + specific observation (pace vs Senegal)
"We need to ditch the loudspeaker playing the anthems at matches and bring back someone singing, mainly for how it comes across on the TV. I've been to so many England games where it sounds normal when you're there and then you watch on TV and everything is out of time",hot_take,"prelabeled:reviewed - opinion with experiential support, no play-level reasoning"
It's pretty impressive how most of the likely contenders for the golden boot scored 2+ goals in their first game.,reaction,"prelabeled:reviewed - observation/reaction, no real argument"
Personally I think Kane is better than Rooney but Kane kinda fucked his own legacy by staying at Spurs for so many years.,hot_take,prelabeled:reviewed - debatable judgment with minimal support
Very Unpopular opinion: Wayne Rooney is the most overrated player of the game,hot_take,"prelabeled:reviewed - classic hot take, claim with no support"
"There's a reason Rooney is so highly regarded. The guys talent level was off the charts and Kane is extremely talented too. I get all the stat nonces will just look at goals, which is why in 20 years all the kids will rate Haaland over Ronaldo.",hot_take,prelabeled:reviewed - claim + dismissive reasoning but not specific/checkable
"I hope Tuchels squad is starting to make a lot more sense now. Physicality, speed, directness, set pieces. Rice and Saka corners are overpowered against European teams who can't deal with the physicality. Tuchel prioritised Madueke and Gordon over Palmer/Foden because the team is built around Kane who drops deep, and the speed in behind is super useful.",analysis,prelabeled:reviewed - detailed tactical argument with specific mechanisms and selection logic
"The only bit I disagree with is the idea that someone like Palmer can't play on the right wing. Take a look at the goal against PSG, exact sort of situation Madueke was put into. Palmer can actually be decisive against top teams in those situations in a way Madueke simply can't.",analysis,prelabeled:reviewed - counter-claim + specific example (PSG goal) and comparison
Having actually pacey wingers instead of trying to shoehorn every talented 10 in the country into the side is just so much better structurally even if player quality is lower,analysis,prelabeled:reviewed - structural claim about squad construction with reasoning
A-ha! Match fixing!,reaction,prelabeled:reviewed - joke/reaction
Bastard,reaction,prelabeled:reviewed - pure reaction
"Interesting listening to Joe Hart's theory that the ball's unusual flight on long shots is catching keepers out - Pickford, Mendy, Zidane etc struggling to time their saves. If I remember rightly, we didn't know how badly the jabulani was messing with keepers until later - maybe this ball has some of that jabulani swaz?",analysis,prelabeled:reviewed - claim + reasoning + historical comparison (jabulani)
"The Jabulani sucked for both attackers and goalkeepers. This year's World Cup ball seems to be both catching out the goalkeepers, whilst not hindering strikers.",analysis,prelabeled:reviewed - comparative claim with specific distinction
i saw an analysis of the ball's physical property like seam length and number of panels somewhere that concluded jubulani but not as extreme so would make sense if that similar-but-toned-down design led to similar behaviour,analysis,prelabeled:reviewed - claim grounded in cited physical detail
"It's definitely a fun world cup ball for long shots. Picks up a bit of speed quickly, and when they catch it wrong it goes into orbit.",reaction,"prelabeled:reviewed - observation/impression, no real claim"
"Honestly after matchweek one, I think England can go on and win this one. No other team has such a mix of runners and ball players. The only somewhat weak point is the defence.",analysis,prelabeled:reviewed - pick backed by specific reasoning - squad balance + named weakness
And since they don't have as much media hype and expectations on them as France and Spain do I reckon they will do it this time.,hot_take,prelabeled:reviewed - claim with thin psychological reasoning
You know it's a proper WC when Carlos Queiroz and Hervé Renard are both in the dugout,reaction,prelabeled:reviewed - flavour/reaction
"As much as I absolutely abhor their coverage, bringing in Rebecca Lowe was a really smart move by fox",hot_take,prelabeled:reviewed - opinion with no support
"Weird decision from ITV to make Emma Haynes show us tactics with chalk and a blackboard during drinks break. It just looks really amateurish, no one asked for it, and it just gives trolls more meme material.",hot_take,prelabeled:reviewed - opinion + light reasoning about presentation
the actual analysis is decent its just presented in such a baffling way,hot_take,prelabeled:reviewed - brief judgment
What do you think Messi and Ronaldo fans will do when both are retired?,reaction,"prelabeled:reviewed - question/prompt, no claim"
will still yap about the same old console war bullshit and shit on every new superstar. Pele and Maradona are cold in the ground and its not like people dont argue about which ones better still,hot_take,prelabeled:reviewed - claim + analogy as light support
Messi fans will switch to Yamal and Ronaldo fans will switch to Mbappe and the cycle of endless bickering will begin again.,hot_take,prelabeled:reviewed - prediction with minimal support
the number of games and countries participating is so overwhelming 1 week in and we've only just completed the first group stage matches makes it even more surreal that italy is nowhere to be seen,reaction,prelabeled:reviewed - personal reaction to scale
"There are a lot of one-sided rivalries where X hates Y, but Y doesnt even think about X. Are there many like Scotland - England where they hate us and we like them?",reaction,"prelabeled:reviewed - question/prompt, no claim asserted"
"England fans are singing songs about Scotland getting battered and about our players being paedos. Every time the Scottish fans are mentioned there are England fans raging about how well liked we are. On the England subs anyone who has ever posted on the Scottish football sub is automatically banned but yes, it's a one-sided rivalry.",hot_take,"prelabeled:reviewed - sarcastic rant; examples present but rhetorical, not analytical"
A lot of people in England now dislike Scotland because of their bitterness. A better example is England and Ireland.,hot_take,prelabeled:reviewed - claim with minimal support
"in general the uk and ireland is like this with all of northern ireland, ireland, wales, and scotland having issues with england that aren't really reciprocated and if anything the english quite like them",hot_take,"prelabeled:reviewed - generalisation, light support"
"Last night was fucking great, Anderson what a player. He was everywhere and looked fantastic for someone with so few caps.",reaction,"prelabeled:reviewed - emotional praise, no real argument"
I actually thought he was shaky first half but stepped up in the second half.,hot_take,"prelabeled:reviewed - brief observation, no developed reasoning"
"Cant wait for Mexico south Korea tonight, thats a proper world cup game",reaction,prelabeled:reviewed - anticipation
Wonderwall after England's win yesterday gave me goosebumps ngl,reaction,prelabeled:reviewed - pure emotional reaction
That Martinez comment on why he didnt take Ronaldo off... Hes so lucky I dont advocate for violence. He is so shit,hot_take,prelabeled:reviewed - judgment + emotion; claim present so hot_take over reaction
"I was thinking… when was the last time the World Cup winner actually looked good during the group stage? Argentina was shaky in 2022, France uninspiring in 2018, both finalists unremarkable in 2010 and Italy shaky in 2006",analysis,prelabeled:reviewed - claim + historical evidence across multiple tournaments
"Germany opened 2014 4-0 over Portugal, drew 2-2 with Ghana, then beat the US 1-0. The only one I remember much about is the US game, where they controlled the game more than the score would suggest.",analysis,prelabeled:reviewed - specific factual recall + observation
Yeah it's pretty usual for a winner to grow into the tournament and be peaking at the knock out stage. Doesn't mean playing well in the group stage is a bad thing though.,hot_take,prelabeled:reviewed - claim with light reasoning
"What a week for England. We got a good win last night, and get to watch our sons play each other tomorrow night. Doesn't get much better.",reaction,"prelabeled:reviewed - emotional, no claim"
Our sons? This is why everyone hates you.,reaction,prelabeled:reviewed - reaction/jab
Just spoke to one of the older guys at work and he thinks England need to drop this tippy tappy bollocks.,hot_take,"prelabeled:reviewed - relayed opinion, no support"
Agreed. It's not natural. 4-4-fucking 2. Lump it up to the big man. Plus we need a centre back called Chopper or Bomber or something.,hot_take,prelabeled:reviewed - opinion/joke with tactical claim
"My highlight for the first round of games has been how good the games outside of the top teams have been, especially as where I am most games are played during the day so I can passively watch all games.",reaction,prelabeled:reviewed - personal experience
Endrick will score five goals this World Cup,hot_take,"prelabeled:reviewed - bold prediction, no support"
There's a higher chance of Ancelotti scoring that,reaction,prelabeled:reviewed - joke reply
"I like the new injury rules, which means most players aren't diving. While some are still flopping claiming for fouls, they are hardly getting any.",hot_take,"prelabeled:reviewed - opinion on rule effect, no specific play evidence"
Will be very interesting to see who we actually sign because we can apparently attract neither established players or young prospects,hot_take,prelabeled:reviewed - claim with minimal support
we're in the trenches now. reality of a group stage of a 48 team tournament is sinking in.,reaction,"prelabeled:reviewed - mood/reaction, no claim"
Games like Iran and New Zealand have been some of the best ones,reaction,"prelabeled:reviewed - preference, no support"
"we'd be halfway through the group stage by now in a 32 team tournament. in a 32 team tournament there would be 64 matches in the entire tournament, and this time around there are going to be 72 group stage matches.",analysis,prelabeled:reviewed - factual/structural point with specific numbers
"Yeah it feels like as soon as a team wins they're basically through, takes away a lot of jeopardy. with H2H being the first tie breaker now it means that if us and Croatia win on Tuesday, we've already confirmed top of the group. you lose the jeopardy",analysis,prelabeled:reviewed - claim + specific mechanism (H2H tiebreaker consequence)
"Dunno if I'll ever feel the same way about a sub as I did when we brought on Rogers, Saka and Rashford at 3-2 yesterday. Just such a positive attacking change when we were in the lead. proper going for the throat. Fucking love it.",reaction,prelabeled:reviewed - emotional; has a light observation but dominated by feeling
"As a Dutch person I feel so jealous when our fat toad of a manager took off our two fastest for useless Depay and the slowest midfielder, then 10 minutes before the end replaced our only performing midfielder with another defender. Koeman's cowardice got punished and Tuchel's bravery got rewarded.",analysis,prelabeled:reviewed - claim + specific substitution decisions as evidence; emotional tone but substantive
loved seeing Tuchel say he was pissed off because we conceded with 7 defenders back there and if you're going to concede playing with that many defenders then why even bother. Him saying we were too focussed on defending what we don't even have yet was great. That's been a problem for years,analysis,prelabeled:reviewed - endorses a specific tactical critique (7 defenders back) with reasoning
"besides Spain and Portugal underperforming, I was glad to see Argentina start strong. they looked like a solid team. I would like to see them rest Messi a bit in the 3rd game, since he seems to be a critical member of their attack.",analysis,prelabeled:reviewed - reasoning - rest Messi due to demonstrated attack dependence
"Does anyone have a clip of Anthony Barry's half time interview to ITV? Apparently, he was quite scathing and it obviously had an impact on England's second half performance.",reaction,"prelabeled:reviewed - request/relayed info, no real claim"
He really was. I honestly didn't expect him come out in that vein. Certainly lit a fire a players arses for sure.,reaction,"prelabeled:reviewed - reaction, no substantive claim"
Just seen the video of Tuchel with the photographers during the anthems and he was actually fuming lol. People can slag him off for not signing the anthem but you can't act like he doesn't care.,hot_take,prelabeled:reviewed - claim (he cares) with light support
"mental for anyone to expect him to sing the anthem honestly, the man is german ffs",hot_take,prelabeled:reviewed - opinion with one-line reasoning
England used to be a really good hatewatch but it's become much more difficult now that the play well...,reaction,prelabeled:reviewed - banter/reaction
"German bros, how has klopp been as a pundit? Keep seeing clips and he seems to be having a great time.",reaction,"prelabeled:reviewed - question, no claim"
"Divisive, I think, is the right word. When he actually analyses the game, he is great; everything else is hotly debated. I personally like him but I can't shake the feeling he is positioning himself as the next head coach of the national team.",hot_take,"prelabeled:reviewed - opinion + speculation on motive, no checkable detail"
"He polarises a lot. Him and Thomas Müller have great dynamic and like to joke around a lot. Some people love that, some are annoyed by it.",hot_take,prelabeled:reviewed - characterisation with mild support
Obviously it's hard to compete with the bangers that are Russian and Italian anthems. But the English one grew on me over the years. What's the best anthem at this World Cup for you?,reaction,prelabeled:reviewed - preference + prompt
"Biased but it's La Marseillaise. I'm a dual citizen of the UK and France, I sing the Marseillaise when the players do, I do not sing GSTK.",reaction,prelabeled:reviewed - personal preference
"It's flower of Scotland all day, coming from a Yorkshire lass. Remember when we smashed the English as a 90 second folk song",reaction,prelabeled:reviewed - preference/banter
Its a dirge but i was at the Womens cricket world cup on friday and its grown on me purely because its short and the Sri Lankan anthem felt like it was 9 minutes long.,reaction,prelabeled:reviewed - personal anecdote/preference
"France, South Korea and Colombia would be my top 3. Poland's would be right up there had they made it",reaction,prelabeled:reviewed - preference list
The japan one was kinda sick,reaction,prelabeled:reviewed - pure preference reaction
"I don't get how our bootlicking anthem that has nothing to do with our actual county can grow on you, but each to their own",hot_take,prelabeled:reviewed - opinion with light reasoning
"Although our anthem is a dirge, it is ideally suited for tone deaf football fans to just belt out. It's always funny seeing Italian fans trying to keep up with the pace of the second half of their anthem.",reaction,"prelabeled:reviewed - humorous observation, no claim about play"
"Brazil, Argentina, South Africa, Uruguay, Scotland. They go so hard",reaction,prelabeled:reviewed - preference list
France will always be in the mix with Russian and Italian. Everything else is tiers below.,hot_take,"prelabeled:reviewed - ranking claim, no support"
"Notable teams England have beaten in tournaments since Euro 2016: Germany, Netherlands, Croatia x2, Colombia, Denmark, Sweden, Switzerland, Senegal, Serbia, Ukraine. Notable teams Scotland have beaten since Euro 2016: Haiti",hot_take,"prelabeled:reviewed - data marshalled for a banter jab, not analytical intent"
We've had a lot more fun with that one win than England have with all of theirs combined.,reaction,prelabeled:reviewed - banter/reaction
"Congratulations to England on winning the coveted Notable teams beaten trophy and, well, nothing else.",reaction,prelabeled:reviewed - sarcasm/banter
"Surely it'd be more fair to start from tournaments Scotland are actually in, it's still just one team but still",hot_take,"prelabeled:reviewed - methodological pushback, light reasoning"
Have honestly had enough of so and so has cleaned up after the game talk about football! If I wanted to talk cleaning I'd be on the cleaning subreddit!,reaction,prelabeled:reviewed - complaint/reaction
Damn the Ronaldo debate has been so intense. On one side people blame the draw against DR Congo solely on Ronaldo. On the other side people say the whole Portugal team has been shite and levels below Argentina for years which is why Messi won unlike Ronaldo.,reaction,"prelabeled:reviewed - summarises others' debate, takes no supported position"
"Portugal weren't even among the big nations until after 2006, and have never been in the absolute highest tier. It was never expected of Ronaldo to win the World Cup with Portugal. I do think their poor performance against DR Congo has to do with him though. He's not good enough anymore and is dragging everyone else down.",analysis,prelabeled:reviewed - claim + historical context + reasoning; the final line is thin but overall substantive
Have we ever found out what the W in CUW for Curacao stands for?,reaction,prelabeled:reviewed - question/joke setup
the Ç looks like a sideways W if you're enough beers deep,reaction,prelabeled:reviewed - joke
"According to Curacao's own regulatory authority, the country was assigned the code CW by the ISO in 2010 after it gained a new constitutional status. for territory codes on scoreboxes a third letter was required. There is no specific explanation why CUR was not chosen, but the implication is it would be confusing alongside CUB for Cuba.",analysis,prelabeled:reviewed - detailed factual explanation with sourced reasoning (off-pitch topic but clearly analysis-style)
"People were concerned that there would be blowouts, but most of the 33-48 teams have been very competitive",hot_take,prelabeled:reviewed - claim with light observational support
Does make me laugh that the best player in the world is called Harry,reaction,prelabeled:reviewed - joke
English names are so boring. Paulo Ferreira is basically just Paul Smith but it sounds way cooler in Portuguese,reaction,prelabeled:reviewed - joke/banter
I know. It just makes it even crazier that Tuchel didn't call him up.,reaction,prelabeled:reviewed - reaction to joke
I think every time Harry scores the stadium should play Vince McMahon shouting That's gotta be Kane instead of a goal song,reaction,prelabeled:reviewed - joke
corner flags should shoot out pyro when he scores,reaction,prelabeled:reviewed - joke
Ayyoub Bouaddi is an insane player. He's everywhere doing everything. He plays like he's been doing this for a decade.,hot_take,"prelabeled:reviewed - praise/judgment, no specific evidence"
Cannot believe he's 18. He completely bossed the midfield,reaction,"prelabeled:reviewed - surprise + praise, no real argument"
"Whoever gets him should be considered lucky. He completely controlled the midfield and he's only 18, what a player",hot_take,prelabeled:reviewed - judgment with thin support
"I'm fully aware of the classic World Cup trap that makes teams overpay for one tournament wonders but you know what, fuck it, if I'm Florentino Perez I'm sending a briefcase filled with 80M to Lille tomorrow.",reaction,"prelabeled:reviewed - hyperbolic/humorous, no real claim"
He was an FM legend long before the world cup and has been bossing Lille's midfield since he was 16,hot_take,prelabeled:reviewed - claim with light support (track record)
I feel like the classic World Cup trap is a player who has a handful of exceptional moments. An 18 year old DM playing with immense maturity and composure for 90 minutes against the most storied team in the competition isn't really a classic World Cup trap.,analysis,prelabeled:reviewed - claim + reasoned distinction with specific criteria
World Cup traps are wingers or attacking midfielders for sure,hot_take,"prelabeled:reviewed - generalisation, no support"
"Not just age, its only his third game with the NT, he's still new to his teammates",hot_take,prelabeled:reviewed - contextual point but no claim about play developed
And yet they trust him so much. That says a lot about what he's shown them in training and in the two friendlies he's played in the last month.,analysis,prelabeled:reviewed - inference backed by specific reasoning
"18-year-old Ayyoub Bouaddi in his WC debut vs Brazil: 91% pass accuracy (60/66), 100% in the final third (16/16), 6 ball recoveries, 5 interceptions, 9 duels won",analysis,prelabeled:reviewed - stat-based evidence supporting performance claim
Carlo Ancelotti exists just to make Endrick suffer,reaction,prelabeled:reviewed - joke/banter
"Raphinha arguably could've been subbed off for him, but Igor Thiago had to go first. Endrick should've played someway somehow.",analysis,prelabeled:reviewed - specific selection reasoning
Flip flopping Raphinha between right and middle just made no sense to start with,hot_take,"prelabeled:reviewed - tactical verdict asserted, not explained"
The midfield was horrendous to start the game so they had to push him back. Paqueta was losing every ball and Casemiro was sluggish,analysis,prelabeled:reviewed - claim + specific player-level evidence
Paqueta is garbage honestly,hot_take,"prelabeled:reviewed - blunt verdict, no support"
"The future for Brasil is looking bright. All they need is two wing backs, a completely new midfield and a striker.",hot_take,"prelabeled:reviewed - sarcastic verdict, names gaps but as a jab"
They already have a striker but Ancelotti won't play him,hot_take,prelabeled:reviewed - claim with minimal support
"Elite GK, terrible RBs/WBs, elite CB pairing, washed up CM/DM, elite wingers, and terrible strikers. They ain't winning the cup but some lesser teams still do more with less.",analysis,prelabeled:reviewed - position-by-position assessment + conclusion
They have very good strikers they're just not playing them or calling them up,hot_take,"prelabeled:reviewed - claim, thin support"
They have a striker who had 30 g/a last season and won POTS at a PL club...,analysis,prelabeled:reviewed - claim backed by specific stat + achievement
They won't win 2026 but they can make far. Brazilian media acknowledged that and they look to 2030.,hot_take,prelabeled:reviewed - prediction with light support
That was one of the most uneventful second halves after a fantastic first half,reaction,prelabeled:reviewed - observation/reaction
They were tired asf,reaction,"prelabeled:reviewed - one-line explanation, no real support"
Players also realized ref forgot his cards at home and they could stop every play with a foul before it got dangerous and never get a yellow.,analysis,prelabeled:reviewed - specific causal explanation for the dull second half
The way a ref is managing the game affects player behavior. i also think Carlo's subs closed shop so there was no more end to end action,analysis,prelabeled:reviewed - claim + reasoning (refereeing + subs)
"I knew Mazraoui was on the pitch and bald, yet everytime he touched the ball I thought it was Amrabat. I really dislike the drinks breaks taking that long, genuinely feels like play just stops and fucks with momentum. Brazil looked like shit which has been said a million times.",hot_take,prelabeled:reviewed - mix of joke + opinion on drinks breaks with light reasoning
"Brazil are the epitome of a paper tiger. You're tempted to think they'll be dangerous because of their attacking talent and past success, but in reality they fold easily and are pretty toothless",analysis,prelabeled:reviewed - claim + reasoning about why expectation diverges from reality
"My big takeaway from this game is that Bouaddi is a phenomenal player, wow. one of the most impressive performances I've ever seen from a 18 year old",reaction,prelabeled:reviewed - praise/reaction
Brazil need a midfield. Their transitioning was so poor.,hot_take,prelabeled:reviewed - claim + brief reason but no specific detail
"Sad days for Brazil's NT when Morocco's midfield is not just superior overall but overwhelmingly more talented and in control of the game. All due respect to Morocco, but this is Brazil we're talking about.",hot_take,"prelabeled:reviewed - comparative claim, light support"
Moroccon No. 6 Bouaddi was absolute class. Man of the match by a mile on Irish TV was the verdict. And only 18,reaction,"prelabeled:reviewed - praise, no argument"
"The balls to go for a dribble in front of his own goal at the last second lol, crazy confidence.",reaction,prelabeled:reviewed - reaction to a moment
There is no way Igor Thiago starts the next game,hot_take,"prelabeled:reviewed - prediction, no support"
"Bouaddi is going to be such a class player. He is so difficult to press. Had a few poor passes today, but overall he just looks insanely comfortable wherever he receives the ball.",analysis,"prelabeled:reviewed - claim + specific observations (press resistance, ball control, caveat)"
Atrocious. Didn't even try to gamble on Endrick when Vini gassed in last 20 min. how painful to watch the midfield that will be their obvious downfall.,analysis,"prelabeled:reviewed - critique + specific reasoning (Vini fading, midfield as weakness)"
"Recently, Arsenal bid 50 million for Bouaddi, and Lille rejected it. I guess they weren't wrong to do that",hot_take,"prelabeled:reviewed - fact + light judgment, no play reasoning"
No Endrick is really stupid. Ancelotti clearly doesn't rate him. That Vini performance in the second half was really bad. He could've been subbed off. Also Cunha should just start. Igor should not be starting.,analysis,prelabeled:reviewed - multiple specific selection arguments
we're not going far this WC huh...,reaction,prelabeled:reviewed - resigned reaction
"Very happy with Morocco's midfield but I'm not sure how we're gonna score moving forward. Maybe Brazil closed all holes, maybe I couldn't see it and that's why there were so few Moroccan attempts at penetrating the box. Not sure.",analysis,prelabeled:reviewed - reasoned reflection with specific observation + honest uncertainty
Man I stayed up for this second half because the first one was good. Ancelotti's starting lineup and subs choices were not great. Bouaddi seems like he will be some player. Gabriel was sloppy today.,hot_take,"prelabeled:reviewed - observations asserted, not explained"
bouaddi is 18. a child. he looks like zidane out there at times.,reaction,prelabeled:reviewed - hyperbolic praise
Never in my life would I have thought I would be disappointed by a draw against Brazil in a world cup game LOL but here we are. Bouaddi was by far the best player on the pitch today.,reaction,prelabeled:reviewed - emotional reaction + praise
"Who would have thought that the team that lost control of the midfield against Panama would also lose control of the midfield against Morocco? After being crushed in the first 30 minutes he moved Raphinha to the right and Paqueta into midfield and managed to take control. Ancelotti needs to ditch that 4-2-4 formation. Raphinha had a dreadful 2022 and is off to a similar start. Igor Thiago provides aerial threat, not someone to start. Endrick and Cunha would have scored.",analysis,prelabeled:reviewed - extended detailed tactical breakdown with multiple specific points
Stop trying to make Igor Thiago happen,reaction,prelabeled:reviewed - joke/banter
My dad betted on the historic Brazil. I betted on the new shiny Morocco. None of us wins. Magnific.,reaction,prelabeled:reviewed - personal anecdote/reaction
Always bet on NOTHING EVER HAPPENS.,reaction,prelabeled:reviewed - meme/joke
"Mbappe and Olise will bring the worldcup. It doesn't matter if dembele is wrongly used. They are so good that it make up for it. Its sad but dembele should be benched, he is so bad when not in psg system.",hot_take,"prelabeled:reviewed - bold claims, dembele point asserted not evidenced"
He did several great press on the keeper. Nearly got a goal out of it,analysis,"prelabeled:reviewed - specific observation (press on keeper, near goal) as evidence"
Mbaye has to start ahead of Mane or Sarr. Kid too good for bench,hot_take,"prelabeled:reviewed - selection opinion, no real support"
Mane is too good for the bench. Gotta be Sarr or Jackson,hot_take,"prelabeled:reviewed - selection opinion, no support"
Cherki was awful in his cameo. Ultimately he's a great footballer but that was the worst I've ever seen him play when he should have been sharper than everyone else he was contesting,analysis,prelabeled:reviewed - judgment + reasoning (should be sharper than those he replaced)
"Doue did poorly too. Was the first game, this team need time to get in full gears",hot_take,prelabeled:reviewed - claim + light excuse-reasoning
"Why not play Dembele as striker, mbabbe on the wing and move Olise to 10",reaction,"prelabeled:reviewed - tactical question, no claim asserted"
Cause Dembele is not dangerous enough so better maximize the chances of Mbappe scoring than hoping Dembele is somewhat half as good,hot_take,"prelabeled:reviewed - reasoning asserted, no specific evidence"
He was plenty dangerous. His press on the keeper were the best chances we got in the first half,analysis,prelabeled:reviewed - counter-claim + specific evidence
Mbappe is now just two goals away from Klose. That record is as good as sealed.,reaction,"prelabeled:reviewed - stat/prediction, no argument"
Mbappe and Dembele should never be put in the same sentences again.,hot_take,"prelabeled:reviewed - hot take, no support"
I agree. One has Ballon D'Or and 2x UCLs and the other doesn't. Can't put them in the same sentence,hot_take,"prelabeled:reviewed - cited honours used as a jab, not play analysis"
"Kvara and Vitinha carried his ass, it's getting clearer and clearer everyday",hot_take,"prelabeled:reviewed - claim, no real support"
You're wrong. The PSG team is a lot less scary when he's not playing. He's key to their press,analysis,prelabeled:reviewed - counter-claim + specific reasoning (role in press)
That's nonsense. Dembele is undoubtedly a key player in PSG's two Champions League titles. Just because he hasn't performed well for France doesn't mean we should take away his achievements.,analysis,prelabeled:reviewed - argued rebuttal distinguishing club vs national form
Why is no one talking about the Landon Donovan Thierry Henry back and forth? Landon was wrong to call France arrogant in the first half. Henry was pissed and Zlatan said only ignorant people would say that France were arrogant,hot_take,"prelabeled:reviewed - opinion on punditry, light reasoning"
I liked that from TT sticking up for the team. Donovan was out of pocket calling France arrogant just for a slow start,hot_take,prelabeled:reviewed - opinion with light reasoning
"Olise is the best number 10 of this team quite easily. I don't understand why DD used Dembele since the North Ireland game. Dembele is not a number 10, never was and never will. It's like DD wanted to keep Dembele happy and the medias that pushed him because of the Ballon D'or. The alchemy between Mbappe and Olise is so good.",analysis,prelabeled:reviewed - claim + reasoning about role fit and selection motive
Dembele did indeed play as number 10 at times for Dortmund and PSG,analysis,prelabeled:reviewed - factual counterpoint with specific evidence
"Sure but is he a number 10 the way he plays? For me he's like Mbappe, a player that needs space to attack directly. He's not a creator. He's a finisher.",analysis,prelabeled:reviewed - claim + reasoning about player profile
I don't agree. Dembele is far more of a playmaker than Mbappe; he's more technically gifted and is capable of dictating the play. Have a look at videos of him as a number 10 at Dortmund.,analysis,prelabeled:reviewed - counter-claim + reasoning + evidence pointer
"He's the BO winner, that's why he is being played. Yesterday he was a ghost and should have been subbed way earlier. Surprised Doue wasn't subbed off earlier as well. I was hoping for Barcola and Cherki around the 70th. Cherki didn't do too well and you understand why DD waited.",analysis,prelabeled:reviewed - specific substitution analysis with reasoning
Everyone is gonna talk about Olise and Mbappe man of the match but I thought Upamecano and Saliba played really well.,hot_take,"prelabeled:reviewed - opinion highlighting underrated players, light support"
They were massive and made up for the weakness of the midfield,analysis,prelabeled:reviewed - claim + specific reasoning (covered midfield weakness)
No surprise for me here. Saliba is a monster and Upamecano has been really good for France for years. They carried the team in the first half. Rabiot also had a good game as the box to box midfielder.,analysis,prelabeled:reviewed - assessment + specific role observations
"France is the favorite but do not sleep on that Senegal side, there's a lot of quality and I'm expecting them to do very well.",hot_take,prelabeled:reviewed - prediction with minimal support
On paper they're the second best team in that group: everyone sees Norway because of Haaland and Odegaard but Senegal is chock full of talent and has serious experience playing international tournaments,analysis,prelabeled:reviewed - claim + reasoning (depth + tournament experience)
Dembele is underwhelming. I would bench him tbh he feels like he is not belonging into this system,hot_take,prelabeled:reviewed - opinion with vague reasoning
this is the reigning world player of the year?,reaction,prelabeled:reviewed - rhetorical jab/reaction
"I laughed every time some medias said he was the best player for France and DD should build the team around him. They have Mbappe and Olise, what are we doing here? Even Cherki is a better number 10.",hot_take,"prelabeled:reviewed - dismissive opinion, light reasoning"
"Even as a Barca fan I never understood that. It's great Dembele has been great at PSG but that team is loaded and built a system around him. For France Dembele has usually sucked. This is Mbappe's team, best player on the international side, and I wouldn't be surprised if Barcola starts over Doue or Dembele soon.",analysis,prelabeled:reviewed - argued claim distinguishing club system vs national output
"Recency bias, only PSG fans could say that kind of thing. Sadly Dembele has never been good when playing for the NT team",hot_take,prelabeled:reviewed - claim with thin support
Kinda out of the loop but can anyone explain the context behind Mbappe's flute celebration after he scored his goals today?,reaction,"prelabeled:reviewed - question, no claim"
He played flute as a kid for like a year so James Corden asked him to do that as a celebration if he scored and he said he would and he did.,reaction,"prelabeled:reviewed - factual anecdote, no argument"
Senegal messed up. They needed to play defensive counter attacking football like Japan did against the Dutch instead of trying to go toe to toe against France.,analysis,prelabeled:reviewed - claim + specific tactical comparison
"Japan played well, but the Netherlands also have a much worse attack than France. Even if they completely parked the bus the whole match, France probably would've got at least 1.",analysis,prelabeled:reviewed - counter-claim + reasoning about attacking quality difference
"They really were, they honestly could have beaten France if they held their defense after the first goal. I will also mention that the USA did harass the team on their way into the country, which probably didn't help.",hot_take,"prelabeled:reviewed - speculative claim, USA-harassment reasoning not about play"
"The problem is the reliance on his senior players, Ismaila Sarr 10 years into his national career still makes the same mistakes he was making in 2016, it's frustrating",analysis,prelabeled:reviewed - claim + specific long-term evidence
"True I saw those same mistakes and it was annoying especially the longer the match went on. They did play so much better than last world cup. A lot of African countries have problems with their national teams, some external some internal.",hot_take,"prelabeled:reviewed - agreement + broad claim, light support"
"To be honest I got the impression Senegal would never have been able to beat France. Even if they'd taken the lead first, France would have fought back. I saw an average French side that really caused Senegal problems once they stepped up the pace in the second half.",analysis,prelabeled:reviewed - judgment + specific reasoning about the two halves
"What a strange game. for most of the first half it felt really sluggish, neither team could get much going, and France reminded me of their frustrating Euro 2024. Around the 60th minute it seemed like someone flipped a switch, France went up a couple of gears, the game opened up. I'm curious what actually changed tactically or psychologically around that point?",analysis,prelabeled:reviewed - detailed observation + xG reference + genuine tactical question
"Yeah the first half was painful and brought memories of the annoying way DD wants to play. France won because of individual skills rather than a well oiled team. Upa, Saliba and Rabiot were great, and Olise and Mbappe. Dembele was a ghost. I think Senegal got tired running so much and it opened spaces which were well covered in the first half. Barcola brought energy.",analysis,prelabeled:reviewed - detailed answer with multiple specific tactical points
It looked like they weren't allowed to do anything until min60 lol,reaction,prelabeled:reviewed - flippant observation
"The main thing on the French side is that Olise and Dembele swapped roles. Olise was then playing as a 10 and fed Mbappe. Once France was 1 goal up, the game opened and they were able to rely on fast counters with the speed of Mbappe or Barcola.",analysis,prelabeled:reviewed - clear tactical explanation with specific mechanism
